{"test_accuracy": 0.545, "test_precision": 0.5428593350383631, "test_recall": 0.545, "test_f1_score": 0.5428261583963194, "test_specificity": 0.6132075471698113, "training_time": 1223.106525182724}